<?xml version="1.0" encoding="utf-8"?>
<Config>
  <IoTToolkitConfig Version="1.0.8.0">
    <!--等待回复消息的默认超时时间-->
    <DefaultTimeout>2000</DefaultTimeout>
    <!--收到新的状态反馈时，是否清空之前的状态-->
    <ClearPreviousState>False</ClearPreviousState>
    <LocalIP>127.0.0.1</LocalIP>
    <LocalPort>3000</LocalPort>
    <RemoteIP>127.0.0.1</RemoteIP>
    <RemotePort>3001</RemotePort>
    <PLCSocketConfig Version="2.4.0.1">
      <LocalIP>192.168.2.100</LocalIP>
      <LocalPort>3000</LocalPort>
      <RemoteIP>192.168.2.130</RemoteIP>
      <RemotePort>3000</RemotePort>
    </PLCSocketConfig>
  </IoTToolkitConfig>
  <!--自动配置所用配置-->
  <AutomationConfig Version="1.0.8.0">
    <!--参考站号-->
    <ReferencedID>1</ReferencedID>
    <!--参考皮带号-->
    <ReferencedConveyorID>1</ReferencedConveyorID>
    <!--开始站号-->
    <StartID>2</StartID>
    <!--结束站号-->
    <EndID>10</EndID>
    <!--是否设置速度比例-->
    <SetSpeedFactor>True</SetSpeedFactor>
    <!--是否设置电机类型和型号-->
    <SetMotorType>False</SetMotorType>
    <!--是否设置功能选择-->
    <SetFunctionSwitch>True</SetFunctionSwitch>
    <!--是否设置联动信号-->
    <SetLinkageSignalType>False</SetLinkageSignalType>
    <!--是否设置目标速度-->
    <SetSpeed>True</SetSpeed>
    <!--是否设置目标频率-->
    <SetFrequency>True</SetFrequency>
    <!--是否设置启停延迟-->
    <SetStartStopDelay>True</SetStartStopDelay>
    <!--是否设置堵包检测时间-->
    <SetBlockCheckTime>True</SetBlockCheckTime>
    <!--是否设置休眠时间-->
    <SetDormancyCheckTime>True</SetDormancyCheckTime>
    <!--头尾站号-->
    <HeadersID>65535</HeadersID>
    <!--上下游关系列表-->
    <IDRelations>1,2,3,4,5,6,7,8,9,10</IDRelations>
  </AutomationConfig>
</Config>